Keyword,Clicks,Impressions,CTR,Rank,,6176
handy abo,309,13138,2.35%,7.5,,
wingo,299,271928,0.11%,6.63,,
salt,237,171151,0.16%,6.88,,
handy abo vergleich,,10546,2.25%,5.3,,
netzabdeckung schweiz,229,950,24.11%,1.08,,
internet abo,192,10099,1.90%,8.84,,
yallo,155,137743,0.11%,6.5,,
wingo abo,149,34122,0.44%,8.27,,
handy abo schweiz,104,5110,2.04%,7.7,,
mobile abo vergleich,84,4928,1.70%,5.53,,
netzabdeckung,83,1195,6.95%,30.69,,
swisscom netz anbieter,83,984,8.43%,2.85,,
5g abdeckung schweiz,70,1204,5.81%,4.63,,
handyabo,67,2975,2.25%,7.54,,
wingo netz,57,1471,3.87%,1.81,,
salt netzabdeckung,55,3856,1.43%,5.69,,
handy abos,49,2774,1.77%,10.35,,
netzabdeckung schweiz karte,47,263,17.87%,1.6,,
natel abo,45,3633,1.24%,10.35,,
allao,44,555,7.93%,2.91,,
wingo welches netz,42,668,6.29%,2.07,,
netzabdeckung salt,40,1445,2.77%,5.06,,
5g netzabdeckung,40,768,5.21%,27.6,,
anbieter mit swisscom netz,36,310,11.61%,2.31,,
yallo netzabdeckung,35,373,9.38%,3.58,,
wingo anbieter,35,161,21.74%,1.02,,
internet abo vergleich,34,2176,1.56%,6.94,,
handy abo vergleich schweiz,34,1677,2.03%,5.8,,
wingo netzabdeckung,33,892,3.70%,5.11,,
welche anbieter swisscom netz,32,321,9.97%,2.25,,
wingo mobile,31,12951,0.24%,8.18,,
salt abo,30,12425,0.24%,9.63,,
yallo abo,30,11385,0.26%,9.47,,
internet zuhause,30,1444,2.08%,7.77,,
yallo black,29,4574,0.63%,8.66,,
mobile abo,29,2736,1.06%,27.95,,
netzabdeckung schweiz vergleich karte,29,154,18.83%,1.06,,
5g abdeckung schweiz karte,26,93,27.96%,2.2,,
upc,24,9262,0.26%,12.53,,
netzabdeckung sunrise,24,1888,1.27%,7.48,,
mobile abos schweiz,24,1227,1.96%,9.75,,
yallo netzabdeckung karte,23,130,17.69%,2.75,,
schweiz netzabdeckung,23,70,32.86%,1.06,,
salt mobile,22,11147,0.20%,7.67,,
mobil abo vergleich,22,1255,1.75%,5.65,,
upc abo preise,21,298,7.05%,2.98,,
netzabdeckung yallo,21,115,18.26%,2.77,,
mobilfunkabdeckung schweiz,21,83,25.30%,1.22,,
handy abos vergleich,20,1414,1.41%,5.54,,
yello telefonnummer,20,204,9.80%,1.22,,
handy-abo vergleich,19,1172,1.62%,4.99,,
talktalk netz,18,531,3.39%,1.73,,
mobile netzabdeckung schweiz,18,80,22.50%,1.1,,
talktalk,17,10280,0.17%,7.16,,
sunrise,17,7696,0.22%,14.76,,
wingo europe pro,17,3678,0.46%,8.67,,
alaho,17,570,2.98%,3.48,,
netzabdeckung karte,17,248,6.85%,21.67,,
anbieter swisscom netz,17,142,11.97%,1.8,,
welches netz nutzt wingo,16,365,4.38%,1.9,,
wingo swisscom netz,16,236,6.78%,2.55,,
internet abo schweiz,15,2479,0.61%,11.13,,
abo vergleich,15,1365,1.10%,12.88,,
yallo black plus,15,1180,1.27%,8.78,,
mobile abo aktion,15,500,3%,15.08,,
5g netz schweiz,15,223,6.73%,5.4,,
sunrise netzabdeckung,14,3861,0.36%,9.19,,
internet,14,3455,0.41%,33.5,,
yallo top europe,14,1962,0.71%,7.22,,
upc günstigstes angebot,14,419,3.34%,5.74,,
günstiges handy-abo schweiz unlimitiert internet,14,263,5.32%,16.75,,
wer nutzt swisscom netz,14,116,12.07%,1.49,,
yallo 5g abdeckung,14,94,14.89%,4.88,,
welche anbieter nutzen swisscom netz,13,199,6.53%,1.95,,
welches netz hat wingo,13,180,7.22%,1.38,,
5g netzabdeckung schweiz,13,105,12.38%,3.81,,
günstiges handy abo,12,1950,0.62%,14.73,,
handy abo mit handy,12,1007,1.19%,12.82,,
internet und tv abo,12,997,1.20%,19.47,,
internet für zuhause,12,955,1.26%,11.44,,
anbieter auf swisscom netz,12,84,14.29%,1.64,,
mobilfunk abdeckung schweiz,12,61,19.67%,1.54,,
wingo handy abo,11,3678,0.30%,7.72,,
wingo europe,11,3130,0.35%,7.25,,
sunrise hotline,11,3009,0.37%,14.95,,
günstige handy abos,11,2680,0.41%,10.86,,
wingo internet,11,1866,0.59%,12.14,,
abo handy,11,1636,0.67%,12.86,,
internet vergleich,11,1533,0.72%,21.62,,
handy abos schweiz,11,1237,0.89%,10.12,,
yallo super fat xxl,11,890,1.24%,6.27,,
internetabo,11,579,1.90%,5.26,,
handy abo swisscom netz,11,285,3.86%,7.57,,
swisscom netz,11,263,4.18%,15.61,,
netzabdeckung wingo,11,146,7.53%,4.82,,
netzabdeckung 5g,11,61,18.03%,27.23,,
abo,10,4405,0.23%,10.55,,
sunrise abo,10,2612,0.38%,6.83,,
wingo angebote,10,2365,0.42%,7.05,,
wingo abo aktion,10,1313,0.76%,8.99,,
salt netz,10,1085,0.92%,8.09,,
talk talk hotline,10,929,1.08%,4.89,,
mobile abos,10,829,1.21%,17.95,,
upc abos,10,387,2.58%,5.69,,
handy abos vergleichen,10,333,3%,7.68,,
swiss flat + roaming s,10,264,3.79%,4.42,,
alaao,10,96,10.42%,4.81,,
5g-netz schweiz karte,10,92,10.87%,2.37,,
mobile anbieter swisscom netz,10,75,13.33%,2.73,,
salt internet,9,4601,0.20%,7.34,,
wingo swiss pro,9,3933,0.23%,7.87,,
yallo kontakt,9,3809,0.24%,11.28,,
yallo.ch,9,2890,0.31%,4.88,,
wingo kontakt,9,2215,0.41%,9.82,,
handy abo günstig,9,1685,0.53%,13.14,,
natel abo vergleich,9,1116,0.81%,5.82,,
handyabos,9,709,1.27%,17.68,,
abo vergleich schweiz,9,623,1.44%,7.79,,
salt 5g abdeckung,9,425,2.12%,8.82,,
5g abdeckung,9,328,2.74%,13.82,,
wingo kombi abo,9,217,4.15%,4.78,,
swisscom anbieter,9,136,6.62%,2.3,,
handyempfang schweiz,9,94,9.57%,1.06,,
salt abos,8,3697,0.22%,8.9,,
yallo superfat xxl,8,1372,0.58%,8.08,,
abo mit handy,8,1319,0.61%,12.12,,
internet abo vergleich schweiz,8,941,0.85%,8.06,,
yallo international,8,792,1.01%,8.15,,
internet abos,8,687,1.16%,9.49,,
upc angebote für bestehende kunden,8,684,1.17%,4.87,,
yallo netz schweiz,8,667,1.20%,6.86,,
handy abo schweiz vergleich,8,547,1.46%,8.58,,
salt abdeckung,8,494,1.62%,6.64,,
handy-abo mit handy,8,467,1.71%,9.63,,
yello telefon,8,437,1.83%,2.79,,
talk talk welches netz,8,348,2.30%,4.45,,
talk talk kontakt,8,311,2.57%,2.52,,
handy-abo schweiz,8,283,2.83%,7.65,,
mobile abo swisscom netz,8,257,3.11%,10.67,,
yallo international abo,8,234,3.42%,6.47,,
salt netzabdeckung schweiz karte,8,206,3.88%,6.18,,
swisscom,8,144,5.56%,3.83,,
welche anbieter nutzen das swisscom netz,8,119,6.72%,1.76,,
handy abo mit swisscom netz,8,105,7.62%,7.37,,
mobile anbieter mit swisscom netz,8,88,9.09%,2.15,,
welche mobile anbieter haben swisscom netz,8,75,10.67%,1.91,,
handy abos mit swisscom netz,8,66,12.12%,7.7,,
alo mobile,8,44,18.18%,6.75,,
netzwerkabdeckung,8,37,21.62%,10.14,,
alau,8,30,26.67%,1.17,,
talk talk,7,3285,0.21%,18.95,,
yallo mobile,7,2635,0.27%,9.01,,
yallo netz,7,2522,0.28%,8.1,,
wingo schweiz,7,2386,0.29%,4.26,,
salt home,7,1677,0.42%,10.1,,
internet schweiz,7,1570,0.45%,17.74,,
mobil abo,7,1182,0.59%,11.56,,
handy abo vergleichen,7,930,0.75%,11.24,,
internet tv abo,7,769,0.91%,27.62,,
günstige mobile abo,7,584,1.20%,13.76,,
internet-abo,7,279,2.51%,7.52,,
wingo erfahrung,7,235,2.98%,14.66,,
handy-abo-vergleich schweiz,7,231,3.03%,5.99,,
talktalk swiss flat + roaming s,7,181,3.87%,4.81,,
ist yallo sunrise,7,154,4.55%,1.23,,
yello hotline,7,138,5.07%,1.17,,
4g netz schweiz,7,64,10.94%,2.2,,
natel abo aktion,7,62,11.29%,13.58,,
welcher anbieter hat swisscom netz,7,54,12.96%,2.19,,
wingo swisscom-netz,7,18,38.89%,1,,
wingo abos,6,2801,0.21%,7.2,,
yallo schweiz,6,1612,0.37%,4.43,,
handy abovergleich,6,1495,0.40%,11.5,,
sunrise hotline nummer schweiz,6,1024,0.59%,8.89,,
yallo angebote,6,1003,0.60%,7.92,,
handy mit abo,6,834,0.72%,17,,
swisscom abos,6,685,0.88%,19.11,,
talk talk erfahrungen,6,656,0.91%,8.73,,
0800 700 700,6,570,1.05%,2.44,,
swisscom handy abo,6,497,1.21%,16.42,,
internet und tv abo-vergleich kassensturz,6,424,1.42%,17.8,,
wem gehört yallo,6,358,1.68%,1.45,,
internet-abo aktion,6,300,2%,8.4,,
up home m,6,262,2.29%,6.1,,
upc mobile,6,261,2.30%,12.02,,
wingo oder swisscom,6,260,2.31%,6.53,,
vergleich handy abo,6,235,2.55%,4.52,,
salt netz anbieter,6,229,2.62%,4.49,,
handyabos vergleich,6,229,2.62%,5.64,,
abovergleich,6,229,2.62%,12.26,,
salt abdeckung schweiz,6,192,3.12%,5.96,,
5g karte,6,191,3.14%,25.06,,
yallo super fat xxl aktion,6,190,3.16%,5.22,,
0800 700 500,6,136,4.41%,1.49,,
coop mobile erfahrungen,6,97,6.19%,12.24,,
netz wingo,6,85,7.06%,2.36,,
handy abdeckung schweiz,6,83,7.23%,1,,
0900 94 93 92,6,70,8.57%,1.31,,
wingo tv vs swisscom tv,6,66,9.09%,12.21,,
unterschied wingo swisscom,6,57,10.53%,2.39,,
handynetz schweiz karte,6,49,12.24%,1.14,,
salt angebote,5,3227,0.15%,9.61,,
salt handy abo,5,1881,0.27%,7.24,,
yallo welches netz,5,1695,0.29%,8.19,,
salt fiber,5,1622,0.31%,13.59,,
blue mobile m,5,1530,0.33%,9.26,,
blue internet s,5,1226,0.41%,5.69,,
wingo swisscom,5,1219,0.41%,8.54,,
twingo mobile,5,1092,0.46%,5.71,,
yallo abo mit handy,5,960,0.52%,10.77,,
mobile abo schweiz,5,712,0.70%,17.72,,
mobiltelefon abo,5,682,0.73%,14.34,,
salt angebote für bestehende kunden,5,636,0.79%,6.92,,
m budget internet,5,611,0.82%,14.34,,
internet-abo zuhause,5,444,1.13%,8.08,,
telefon abo,5,420,1.19%,13.64,,
yallo fiber,5,387,1.29%,8.27,,
schweiz handy abo,5,313,1.60%,13.25,,
upc angebote,5,285,1.75%,8.15,,
5g karte schweiz,5,233,2.15%,6.56,,
up connect m,5,230,2.17%,5.4,,
sunrise netzabdeckung karte,5,228,2.19%,7.5,,
sunrise netz anbieter,5,204,2.45%,7.43,,
internet-abo vergleich,5,193,2.59%,6.22,,
internet und tv abo-vergleich 2024,5,174,2.87%,10.24,,
wingo geschäftskunden,5,168,2.98%,7.97,,
blue internet s (40),5,155,3.23%,5.8,,
wingo aktivierungsgebühr,5,144,3.47%,5.6,,
wingo swiss pro aktion,5,116,4.31%,9.72,,
wingo 5g netzabdeckung,5,110,4.55%,6.05,,
handy-abo günstig,5,103,4.85%,11.83,,
handy abos swisscom netz,5,102,4.90%,7.21,,
mobile abos swisscom netz,5,99,5.05%,6.46,,
handy empfang,5,90,5.56%,28.77,,
auf welchem netz ist wingo,5,68,7.35%,1.35,,
abo swisscom netz,5,67,7.46%,8.09,,
netzabdeckungskarte,5,67,7.46%,18.19,,
über welches netz läuft wingo,5,66,7.58%,1.05,,
wingo netzabdeckung schweiz,5,61,8.20%,3.48,,
wingo abdeckung,5,51,9.80%,4.35,,
swisscom tochterfirma,5,38,13.16%,2.03,,
mywingo,4,39043,0.01%,6.88,,
m budget mobile,4,4706,0.08%,13.84,,
salt schweiz,4,2484,0.16%,9.58,,
salt mobile abo,4,1891,0.21%,8.77,,
wingo mobile abo,4,1809,0.22%,7.41,,
salt europe max,4,1398,0.29%,11.34,,
salt internet abo,4,1126,0.36%,5.32,,
yallo internet,4,864,0.46%,10.41,,
sunrise up mobile l,4,815,0.49%,10.81,,
sunrise angebote,4,811,0.49%,13.21,,
tv und internet abo,4,789,0.51%,15.04,,
swisscom abo,4,744,0.54%,23.38,,
internet anbieter schweiz,4,655,0.61%,15.5,,
tv internet abo,4,647,0.62%,19.02,,
yallo netzbetreiber,4,581,0.69%,6.05,,
mobile abo günstig,4,561,0.71%,20.13,,
welches netz nutzt yallo,4,516,0.78%,6.67,,
abo natel,4,485,0.82%,24.68,,
handyabovergleich,4,480,0.83%,7.35,,
salt netzabdeckung karte,4,422,0.95%,6.93,,
internet-abo schweiz,4,394,1.02%,9.9,,
upc internet abo,4,378,1.06%,5.88,,
abo salt,4,343,1.17%,8.81,,
abo handy schweiz,4,334,1.20%,13.19,,
abo schweiz,4,295,1.36%,12.55,,
günstiges handy-abo swisscom,4,294,1.36%,9.53,,
salt black friday,4,269,1.49%,10.15,,
handy abo im vergleich,4,261,1.53%,9.61,,
natel abos,4,253,1.58%,13.53,,
handy-abo-vergleich ch,4,239,1.67%,7.82,,
vergleich mobile abo schweiz,4,221,1.81%,5.75,,
sunrise up connect m,4,214,1.87%,6.37,,
handy vergleich schweiz,4,209,1.91%,11.17,,
handy-abo europa vergleich,4,198,2.02%,6.41,,
wingo mobile erfahrungen,4,186,2.15%,15.41,,
talktalk erfahrungen,4,174,2.30%,8.56,,
5g netz schweiz karte,4,141,2.84%,2.47,,
yallo swisscom netz,4,141,2.84%,4.62,,
netzabdeckung prüfen plz,4,125,3.20%,26.18,,
netzabdeckung schweiz vergleich,4,114,3.51%,4.39,,
talk talk all in,4,114,3.51%,9.18,,
abdeckung salt,4,111,3.60%,6.25,,
wingo google rezensionen,4,97,4.12%,11.84,,
sunrise störungen,4,95,4.21%,4.24,,
up home xl sunrise,4,91,4.40%,5.22,,
yallo netzabdeckung schweiz,4,89,4.49%,5.71,,
yello kontakt,4,87,4.60%,2.82,,
welches netz nutzt talktalk,4,73,5.48%,4.49,,
anbieter im swisscom netz,4,48,8.33%,2.27,,
welches netz hat salt,4,47,8.51%,2.83,,
swisscom netz welche anbieter,4,46,8.70%,2.35,,
wingo combi angebote,4,46,8.70%,4.52,,
ist wingo gleich gut wie swisscom,4,44,9.09%,3.66,,
handy empfang schweiz,4,41,9.76%,1.07,,
5g-netz karte,4,33,12.12%,14.91,,
internet abdeckung karte,4,28,14.29%,8.43,,
upc tv,4,22,18.18%,2.5,,
swisscom shop,4,19,21.05%,4.42,,
yallo abdeckung,4,14,28.57%,5.57,,
talk talk abo,3,3895,0.08%,11,,
salt tv,3,3268,0.09%,8.41,,
yallo login,3,2522,0.12%,11.86,,
yallo handy abo,3,2431,0.12%,9.29,,
blue mobile l,3,1562,0.19%,8.43,,
yallo roaming,3,1087,0.28%,9.84,,
handy abo angebote,3,1076,0.28%,9.26,,
abos,3,945,0.32%,9.41,,
wingo black friday,3,792,0.38%,11.95,,
sunrise schweiz,3,785,0.38%,8.68,,
mobile abo vergleichen,3,730,0.41%,13.31,,
yallo black friday,3,649,0.46%,11.25,,
swisscom internet,3,644,0.47%,25.59,,
internet anbieter,3,617,0.49%,19.12,,
wingo telefonnummer,3,590,0.51%,10.36,,
handyabo vergleich,3,567,0.53%,6.15,,
swisscom mobile abo,3,518,0.58%,20.1,,
günstigstes internet schweiz,3,514,0.58%,16.76,,
salt europe xl,3,508,0.59%,10.45,,
yallo home max fiber,3,442,0.68%,7.64,,
günstige handy abo,3,433,0.69%,14.39,,
yallo erfahrungen,3,426,0.70%,15.14,,
salt swiss max,3,325,0.92%,10.99,,
wem gehört wingo,3,314,0.96%,6.61,,
netzabdeckung vergleich,3,290,1.03%,52.56,,
zu wem gehört yallo,3,289,1.04%,1.01,,
swisscom internet abo,3,288,1.04%,17.47,,
swisscom handy-abo preise,3,260,1.15%,9.77,,
günstiges internet für zuhause schweiz,3,259,1.16%,15.41,,
swisscom abo handy,3,255,1.18%,20.65,,
vergleich mobile abo,3,245,1.22%,10.24,,
upc mobile abo,3,242,1.24%,7.27,,
wingo kontakt kostenlos,3,241,1.24%,9.49,,
wingo tv und internet,3,225,1.33%,15.75,,
talk talk netz,3,212,1.42%,1.93,,
handy abonnement,3,207,1.45%,12.03,,
günstige natel abo,3,193,1.55%,10.09,,
billige handy abo,3,191,1.57%,12.52,,
wingo familien abo,3,187,1.60%,7.09,,
wingo rezensionen,3,181,1.66%,11.9,,
yallo contact,3,179,1.68%,12.25,,
handy-abo,3,176,1.70%,8.69,,
netzabdeckung sunrise vs swisscom,3,168,1.79%,9.82,,
yallo gehört zu,3,163,1.84%,1,,
yallo telefonnummer gratis,3,158,1.90%,8.47,,
was ist wingo,3,146,2.05%,7.12,,
handyabo günstig,3,132,2.27%,9.45,,
salt kombi abo,3,129,2.33%,5.4,,
sunrise hotline gratis schweiz,3,129,2.33%,11.9,,
billiges handy abo,3,127,2.36%,9.58,,
nur internet-abo schweiz,3,126,2.38%,15.13,,
natel abo schweiz,3,125,2.40%,8.8,,
yallo bewertungen,3,124,2.42%,10.51,,
salt anbieter,3,120,2.50%,2.33,,
wingo erfahrungen,3,119,2.52%,13.8,,
salt bewertungen,3,114,2.63%,10.05,,
wingo tv erfahrung,3,114,2.63%,15.44,,
was ist yallo,3,109,2.75%,1.01,,
salt netzabdeckung schweiz,3,102,2.94%,6.61,,
wingo kassensturz,3,99,3.03%,13.35,,
handyabo vergleich schweiz,3,98,3.06%,4.85,,
sunrise anbieter,3,90,3.33%,2.18,,
up home xl,3,90,3.33%,4.36,,
+41 43 588 23 23,3,88,3.41%,1.11,,
internet anbieter vergleich schweiz,3,85,3.53%,10.36,,
handy abo europa,3,85,3.53%,23.84,,
datenabo swisscom netz,3,83,3.61%,5.18,,
talk talk bewertung,3,83,3.61%,6.69,,
günstiges handy-abo schweiz unlimitiert internet swisscom,3,83,3.61%,10.28,,
yallo gehört zu sunrise,3,80,3.75%,1.84,,
netzabdeckung sunrise karte,3,73,4.11%,7.79,,
welche anbieter haben swisscom netz,3,72,4.17%,1.22,,
günstiges handy abo swisscom netz,3,70,4.29%,8.29,,
yello kundendienst,3,59,5.08%,1.08,,
wingo mobile netz,3,58,5.17%,1.21,,
salt mobile netzabdeckung,3,56,5.36%,8.52,,
wingo internet und mobile,3,55,5.45%,3.36,,
handy abo schweiz swisscom netz,3,48,6.25%,7.83,,
günstige abos schweiz,3,47,6.38%,10.49,,
aloha internet,3,43,6.98%,3.84,,
4g netzabdeckung karte,3,41,7.32%,17.68,,
handy-abo-vergleich kassensturz,3,40,7.50%,13.25,,
handy abos vergleich schweiz,3,39,7.69%,4.92,,
netzabdeckung vergleich karte,3,39,7.69%,26.31,,
salt 5g abdeckung schweiz,3,35,8.57%,5.11,,
handy netzabdeckung schweiz,3,23,13.04%,1,,
karte netzabdeckung,3,23,13.04%,22.57,,
black plus,3,22,13.64%,6.27,,
netzempfang,3,19,15.79%,5.16,,
abdeckung mobilfunknetz,3,16,18.75%,23.31,,
wingo aktionen 2024,3,15,20%,13.93,,
swisscom partner abo,3,14,21.43%,8.36,,
handyempfang karte,3,10,30%,11.1,,
abdeckung 5g schweiz,3,8,37.50%,2.75,,
aloha mobile,3,7,42.86%,5.43,,
yallow,2,2002,0.10%,6.73,,
swisscom netzabdeckung,2,1685,0.12%,13.34,,
supergutschein,2,1659,0.12%,5.74,,
sunrise handy abo,2,1041,0.19%,11.78,,
yallo abo aktion,2,910,0.22%,9.73,,
mbudget mobile,2,900,0.22%,21.94,,
salt login,2,839,0.24%,16,,
salt swiss xxl,2,776,0.26%,11.4,,
yallo sunrise,2,654,0.31%,4.45,,
abo mobile,2,645,0.31%,22.64,,
mobil abo schweiz,2,632,0.32%,10.06,,
mobil abos,2,628,0.32%,17.07,,
wingo tv,2,620,0.32%,18.73,,
yallo abo unlimitiert,2,586,0.34%,8.87,,
wingo international,2,582,0.34%,13.41,,
sunrise up mobile xl,2,577,0.35%,8.56,,
handy abo wingo,2,573,0.35%,7.02,,
yallo angebot,2,570,0.35%,8.44,,
salt europe xxl,2,541,0.37%,13.16,,
handy abos günstig,2,513,0.39%,8.57,,
internet angebote,2,465,0.43%,27.31,,
günstig mobile abo,2,455,0.44%,9.59,,
m budget,2,453,0.44%,16.76,,
internet tv vergleich,2,451,0.44%,26.56,,
handyvertrag schweiz vergleich,2,447,0.45%,13.67,,
günstiges mobile abo,2,428,0.47%,10.64,,
talktalk abo,2,409,0.49%,9.5,,
swisscom 5g abdeckung,2,407,0.49%,9.6,,
günstigste handy abo schweiz,2,384,0.52%,14.05,,
abo wingo,2,381,0.52%,10.17,,
salt smart swiss,2,379,0.53%,10.29,,
talktalk hotline,2,373,0.54%,4.75,,
yallo kontakt 09:00,2,371,0.54%,9.26,,
www.yallo.ch,2,362,0.55%,5.51,,
wlan abo,2,347,0.58%,13.98,,
internetanbieter vergleich schweiz,2,332,0.60%,10.14,,
mobile abos vergleich,2,330,0.61%,7.54,,
salt abo angebote,2,320,0.62%,9.6,,
wingo handyabo,2,310,0.65%,9.42,,
welches netz hat yallo,2,298,0.67%,8.23,,
europe max,2,292,0.68%,10.47,,
sunrise up home m,2,281,0.71%,8.13,,
wingo europe pro aktion,2,278,0.72%,9.68,,
yallo internet und tv,2,277,0.72%,23.71,,
upc kombi-abo,2,273,0.73%,6.18,,
internet zu hause,2,272,0.74%,13.93,,
internet abo aktion,2,271,0.74%,9.28,,
günstige abo handy,2,270,0.74%,16.95,,
wingo abo tv internet,2,265,0.75%,10.88,,
günstiges abo,2,250,0.80%,16.16,,
alo ch,2,247,0.81%,1.72,,
talk talk netzanbieter,2,245,0.82%,5.78,,
wingo abo tv,2,234,0.85%,11.61,,
handy abo yallo,2,223,0.90%,8.61,,
allo.ch,2,220,0.91%,7.56,,
upc abo,2,218,0.92%,7.35,,
yallo handy kaufen,2,218,0.92%,15.3,,
swisscom handy-abo aktion,2,206,0.97%,14.21,,
salt bewertung,2,201,1%,13.9,,
yallo telefon,2,200,1%,10.64,,
internet abos vergleich,2,197,1.02%,6.63,,
internet abo zuhause,2,192,1.04%,13.99,,
mobile abos vergleichen,2,190,1.05%,9.08,,
handy angebote schweiz,2,181,1.10%,12.17,,
sunrise hotline telefonnummer schweiz,2,180,1.11%,14.07,,
migros mobile abo,2,180,1.11%,19.83,,
handyabo vergleichen,2,179,1.12%,10.27,,
wingo hotline schweiz,2,177,1.13%,8.36,,
abovergleich schweiz,2,174,1.15%,7.98,,
salt rezensionen,2,166,1.20%,9.3,,
salt hotline schweiz,2,162,1.23%,10.83,,
handy netzabdeckung,2,159,1.26%,29.06,,
upc tv-abo preise,2,156,1.28%,5.53,,
internet abo schweiz vergleich,2,150,1.33%,9.08,,
up home m sunrise,2,149,1.34%,7.82,,
up connect m sunrise,2,148,1.35%,5.2,,
5g netzabdeckung karte,2,146,1.37%,23.77,,
yallo black türkei,2,142,1.41%,8.03,,
upc tv abo,2,138,1.45%,6.32,,
mobile abo angebote,2,137,1.46%,23.4,,
abos handy,2,130,1.54%,7.74,,
handyvergleich schweiz,2,130,1.54%,9.83,,
netz schweiz,2,129,1.55%,4.89,,
talktalk all in,2,128,1.56%,8.92,,
netz yallo,2,125,1.60%,5.96,,
sunrise abdeckung schweiz,2,125,1.60%,7.9,,
salt mobile angebote,2,124,1.61%,7.42,,
yello abo,2,124,1.61%,9.37,,
travel max,2,124,1.61%,9.98,,
yallo kontakt rechnung,2,122,1.64%,18.74,,
handy-abo-vergleich,2,121,1.65%,6.3,,
internet home abo,2,121,1.65%,10.72,,
wingo shop zürich,2,119,1.68%,6.86,,
handy abos angebote,2,117,1.71%,7.03,,
telefon abo schweiz,2,115,1.74%,12.21,,
abo internet,2,113,1.77%,11.28,,
yallo black plus länder,2,105,1.90%,7.92,,
abo angebote,2,105,1.90%,13.23,,
5g verfügbarkeit,2,105,1.90%,52.29,,
internet abo home,2,103,1.94%,8.17,,
home max fiber,2,102,1.96%,6.12,,
wer ist wingo,2,102,1.96%,7.08,,
swisscom mobile m,2,102,1.96%,24.21,,
yallo fat xxl,2,101,1.98%,5.89,,
salt digital swiss xxl,2,100,2%,10.64,,
mtel schweiz netzabdeckung,2,96,2.08%,7.06,,
mobile abos schweiz vergleich,2,95,2.11%,6.14,,
salt europe xxl angebot,2,95,2.11%,9.98,,
wingo mobile welches netz,2,94,2.13%,2.21,,
internet abo für zuhause,2,94,2.13%,8.51,,
netzabdeckung salt schweiz,2,92,2.17%,5.88,,
yallo google bewertung,2,89,2.25%,10.27,,
mobilfunk vergleich,2,89,2.25%,29.25,,
wingo international aktion,2,87,2.30%,9.16,,
mobilabo,2,87,2.30%,11.4,,
wingo zürich,2,85,2.35%,4.47,,
handy abos schweiz vergleich,2,84,2.38%,5.37,,
salt mobile schweiz,2,84,2.38%,8.07,,
super fat xxl,2,83,2.41%,4.65,,
swisscom handy-abo,2,79,2.53%,14.18,,
handy vertrag schweiz,2,78,2.56%,32.22,,
wer ist yallo,2,75,2.67%,1,,
home internet abo,2,75,2.67%,9.32,,
sunrise internet angebote,2,75,2.67%,10.07,,
salt europe xxl erfahrung,2,73,2.74%,10.25,,
mobil vergleich,2,69,2.90%,49.38,,
tv internet mobile abo vergleich,2,68,2.94%,9.78,,
handyempfang,2,66,3.03%,2.94,,
upc internet-abo,2,66,3.03%,5.94,,
sunrise 4g abdeckung,2,65,3.08%,10.11,,
wingo abo europa,2,63,3.17%,9.35,,
wingo 5g-netzabdeckung,2,61,3.28%,5.67,,
sunrise störung heute,2,60,3.33%,3.68,,
wingo langsamer als swisscom,2,59,3.39%,12.03,,
yallo vs sunrise,2,58,3.45%,3.71,,
handy abovergleich schweiz,2,58,3.45%,8.57,,
die besten handy abos,2,58,3.45%,9.95,,
natel abo swisscom netz,2,55,3.64%,8.07,,
salt sim karte aktivieren,2,55,3.64%,16.16,,
yallo internet und tv erfahrungen,2,55,3.64%,16.58,,
wingo gehört zu swisscom,2,52,3.85%,7.25,,
mobilfunk schweiz vergleich,2,50,4%,6.66,,
sunrise up internet xl,2,49,4.08%,7.39,,
wingo ag,2,49,4.08%,8.1,,
5g abdeckung karte,2,48,4.17%,12.75,,
telefon abos schweiz,2,47,4.26%,8.23,,
swisscom alternative,2,46,4.35%,13.33,,
swisscom netz mobile anbieter,2,45,4.44%,2.33,,
sunrise abo: internet und tv,2,45,4.44%,20,,
home max fiber + tv,2,43,4.65%,6.19,,
upc preise,2,43,4.65%,7.7,,
alo internet,2,43,4.65%,8.4,,
talktalk eu us unlimited,2,41,4.88%,6.59,,
swisscom netz handy abo,2,41,4.88%,7.54,,
natel abo swisscom,2,41,4.88%,18.54,,
salt unlimited surf geschwindigkeit,2,40,5%,7.4,,
handyvertrag schweiz mit handy,2,40,5%,14.43,,
swisscom vs wingo,2,39,5.13%,8.13,,
telekom anbieter schweiz,2,37,5.41%,6.59,,
quickline,2,35,5.71%,5.89,,
yello kundenservice,2,34,5.88%,3.56,,
yallo black plus erfahrungen,2,33,6.06%,11.06,,
allo ch,2,32,6.25%,4.53,,
post mobile netz,2,31,6.45%,11.52,,
salt kontakt,2,30,6.67%,26.73,,
digital republic,2,29,6.90%,6.17,,
sunrise günstiges abo,2,29,6.90%,8.62,,
salt swisscom netz,2,28,7.14%,4.71,,
sunrise up mobile l länderliste,2,28,7.14%,13.11,,
sunrise roaming länderliste,2,26,7.69%,26.15,,
salt gigabox erfahrungen,2,25,8%,33.96,,
yallo provider,2,24,8.33%,1.54,,
handy-abo swisscom,2,24,8.33%,14.83,,
handy abo anbieter mit swisscom netz,2,23,8.70%,2.39,,
wingo 5g abdeckung,2,23,8.70%,3.57,,
wingo auf welchem netz,2,22,9.09%,1,,
sunrise tochterfirmen,2,21,9.52%,1,,
welches netz nutzt salt in der schweiz,2,21,9.52%,8.52,,
sunrise hotline 24h telefonnummer,2,19,10.53%,2.79,,
mobilnetz abdeckung,2,19,10.53%,10.05,,
salt europe max erfahrungen,2,19,10.53%,20.47,,
netzabdeckung handy,2,18,11.11%,43.5,,
mobilfunk abdeckung,2,17,11.76%,22.71,,
walter salchli,2,16,12.50%,2.5,,
upc europe unlimited länder,2,16,12.50%,22,,
salt gehört zu,2,14,14.29%,7.64,,
upc abo anpassen,2,14,14.29%,8.14,,
netz abdeckung,2,14,14.29%,24.5,,
kann man von swisscom zu wingo wechseln?,2,13,15.38%,5.62,,
abo mit swisscom netz,2,12,16.67%,6.58,,
abdeckung netz,2,11,18.18%,5.18,,
upc happy home 200,2,11,18.18%,12.73,,
upc.ch/change,2,10,20%,4.1,,
internet tv abo schweiz,2,10,20%,16.2,,
5 g abdeckung,2,9,22.22%,9.33,,
mobile abdeckung schweiz,2,8,25%,1.25,,
netz abdeckung schweiz,2,7,28.57%,1,,
mobil abo swisscom,2,7,28.57%,11.29,,
sunrise yellow,2,6,33.33%,2,,
yallo coverage,2,5,40%,4.8,,
welches netz ist das beste in meiner region,2,5,40%,15.8,,
aloo internet,2,4,50%,1.5,,
netzabdeckung mein standort,2,3,66.67%,1,,
alo telefon,2,3,66.67%,2.33,,
netzabdeckung anbieter karte,2,2,100%,1,,
cablex sunrise,2,2,100%,4.5,,
m-budget mobile mini aktion,2,2,100%,18,,
sunrise mobile abo,1,2910,0.03%,9.92,,
up mobile l,1,2529,0.04%,8.42,,
wingo swiss,1,2126,0.05%,8.37,,
salt kundendienst,1,2006,0.05%,12.03,,
wingo fair flat,1,1810,0.06%,8.74,,
wingo swiss plus,1,1761,0.06%,9.32,,
wingo hotline,1,1538,0.07%,10.1,,
upc internet,1,1481,0.07%,14.59,,
budget mobile,1,1444,0.07%,17.81,,
yallo ch,1,1306,0.08%,5.11,,
m-budget mobile,1,1208,0.08%,18.02,,
blue internet m,1,1056,0.09%,7.77,,
wingo.ch,1,1043,0.10%,6.79,,
sunrise internet,1,925,0.11%,18.23,,
wingo angebot,1,909,0.11%,8.84,,
internetanbieter schweiz,1,869,0.12%,28.97,,
sunrise abos,1,858,0.12%,11.23,,
yallo swiss flat,1,807,0.12%,11.72,,
handy vergleich,1,770,0.13%,35.9,,
internet vergleich schweiz,1,763,0.13%,10.96,,
handy abo salt,1,720,0.14%,6.86,,
sunrise abo angebote,1,709,0.14%,13.9,,
mobil abo vergleich schweiz,1,678,0.15%,6.54,,
yallo abos,1,677,0.15%,10.03,,
win go,1,662,0.15%,6.6,,
wingo hotline kostenlos,1,642,0.16%,8.93,,
mobile abo vergleich schweiz,1,639,0.16%,5.06,,
beste handy abo schweiz,1,635,0.16%,12.29,,
yallo internet mobile,1,629,0.16%,3.43,,
günstiges internet schweiz,1,621,0.16%,14.16,,
handyabos vergleichen,1,599,0.17%,13.83,,
salt abos handy,1,593,0.17%,8.12,,
günstig handy abo,1,582,0.17%,9.65,,
handyvertrag schweiz,1,565,0.18%,24.95,,
internet anbieter vergleich,1,564,0.18%,37.77,,
wingo internet und tv,1,553,0.18%,12.29,,
natel abo günstig,1,524,0.19%,14.96,,
sunrise 5g abdeckung,1,512,0.20%,8.94,,
abonnement mobile,1,510,0.20%,48.18,,
internet tv,1,509,0.20%,38.07,,
cablecom internet,1,504,0.20%,13.68,,
internet und tv abo-vergleich schweiz,1,492,0.20%,10.04,,
wingo home,1,490,0.20%,3.93,,
wingo europa,1,489,0.20%,8.36,,
swisscom angebote,1,485,0.21%,27.67,,
upc schweiz,1,475,0.21%,9.36,,
swisscom mobile,1,474,0.21%,25.67,,
salt abo mit handy,1,471,0.21%,7.66,,
günstige mobile abos,1,471,0.21%,8.45,,
yallo tv,1,468,0.21%,34.88,,
internetanbieter,1,454,0.22%,15.57,,
sunrise hotline internet,1,440,0.23%,10.54,,
yallo abonnement,1,434,0.23%,9.85,,
yallo swiss,1,434,0.23%,12.41,,
wingo natel abo,1,426,0.23%,7.8,,
abo für handy,1,410,0.24%,15.65,,
up connect l,1,399,0.25%,7.87,,
internet für zuhause schweiz,1,396,0.25%,21.3,,
internetanbieter vergleich,1,394,0.25%,37.25,,
yallo. ch,1,386,0.26%,4.59,,
sunrise mobile l,1,384,0.26%,10.18,,
sunrise internet abo,1,378,0.26%,13.73,,
salt tv internet,1,377,0.27%,14.97,,
up mobile l sunrise,1,374,0.27%,10.18,,
internet preisvergleich,1,363,0.28%,32.29,,
upc sunrise,1,358,0.28%,20.04,,
tv abo,1,358,0.28%,41.55,,
internet home vergleich,1,355,0.28%,16.45,,
swisscom black friday,1,354,0.28%,10.36,,
swiss xxl,1,350,0.29%,9.49,,
handy abos im vergleich,1,350,0.29%,9.95,,
salt.,1,347,0.29%,6.63,,
internet angebote schweiz,1,340,0.29%,21.26,,
internet schweiz vergleich,1,336,0.30%,10.48,,
günstiges handyabo,1,333,0.30%,12.92,,
swisscom internet s,1,327,0.31%,18.19,,
europe xxl,1,314,0.32%,9.38,,
salt hotline ausland,1,313,0.32%,7.41,,
yallo kontakt 08:00,1,312,0.32%,8,,
bestes handy abo schweiz,1,311,0.32%,20.88,,
telefonanbieter schweiz,1,308,0.32%,34.91,,
natel abo billig,1,304,0.33%,19.21,,
internet provider,1,302,0.33%,14.43,,
vergleich internet,1,299,0.33%,21.52,,
swisscom blue internet s,1,296,0.34%,9.1,,
internetvergleich,1,296,0.34%,14.42,,
salt abo kündigen,1,289,0.35%,28.29,,
yallo roaming europa,1,277,0.36%,9.44,,
m-budget mobile abo,1,273,0.37%,15,,
yallo shop,1,271,0.37%,49.32,,
bestes handynetz für meinen wohnort,1,268,0.37%,29.94,,
roaming yallo,1,267,0.37%,9.35,,
sunrise up home l,1,267,0.37%,11.7,,
salt aktionen,1,265,0.38%,9.77,,
mbudget,1,265,0.38%,17.39,,
internet salt,1,264,0.38%,7.24,,
mobile angebote schweiz,1,264,0.38%,22.8,,
wingo bewertung,1,262,0.38%,16.14,,
smart swiss salt,1,261,0.38%,10.27,,
yallo kontaktformular,1,261,0.38%,10.44,,
abos schweiz,1,258,0.39%,13.61,,
salt europe data,1,255,0.39%,10.55,,
5g schweiz karte,1,250,0.40%,7.76,,
swiss max salt,1,241,0.41%,11.02,,
yallo europa länder,1,240,0.42%,9.73,,
sunrise handy-abo angebote,1,240,0.42%,10.46,,
yallo 5g,1,238,0.42%,11.2,,
smartphone abo,1,234,0.43%,28.6,,
wingo home internet,1,233,0.43%,8.83,,
blue mobile m preis,1,232,0.43%,8.23,,
yallo handyabo,1,228,0.44%,8.34,,
wyngo,1,227,0.44%,6.45,,
tv und internet-abo-vergleich schweiz,1,226,0.44%,9.07,,
m budget tv internet,1,225,0.44%,30.74,,
sunrise abo unlimitiert,1,221,0.45%,9.43,,
sunrise yallo,1,219,0.46%,6.21,,
home internet vergleich,1,217,0.46%,20.05,,
internetanschluss schweiz,1,212,0.47%,17.21,,
internet zuhause schweiz,1,212,0.47%,19.27,,
m budget tv,1,211,0.47%,37.4,,
sunrise netzabdeckung schweiz,1,203,0.49%,7.51,,
talk talk abo erfahrungen,1,203,0.49%,8.1,,
internet tv abo vergleich,1,201,0.50%,7.86,,
schweiz internet vergleich,1,196,0.51%,11.12,,
nur internet abo,1,195,0.51%,17.92,,
abo swisscom,1,195,0.51%,23.59,,
"handy internet, tv-abo vergleich",1,194,0.52%,9.69,,
wingo datenpaket,1,194,0.52%,11.97,,
yallo angebote handy,1,193,0.52%,9.7,,
günstige natel abos,1,192,0.52%,19.31,,
talk talk mobile,1,191,0.52%,11.67,,
sunrise up home xl,1,190,0.53%,7.17,,
auf welchem netz ist yallo,1,189,0.53%,7.01,,
swisscom handy angebote,1,189,0.53%,21.42,,
sunrise antennenstandorte,1,186,0.54%,10.91,,
handyanbieter schweiz,1,186,0.54%,21.95,,
handynetz schweiz,1,185,0.54%,6.28,,
talk talk telefonnummer,1,178,0.56%,5.62,,
wingo mobil,1,174,0.57%,7.03,,
yallo anbieter,1,173,0.58%,1.01,,
internet abo günstig,1,173,0.58%,9.17,,
salt natel abo,1,172,0.58%,7.47,,
günstigstes mobile abo schweiz,1,172,0.58%,12.98,,
internet tv vergleich schweiz,1,170,0.59%,9.61,,
talktalk kontakt,1,169,0.59%,2.65,,
sunrise angebote handy,1,167,0.60%,32.01,,
sunrise mobilfunk,1,166,0.60%,5.83,,
yallo handy angebote,1,166,0.60%,14.22,,
mobil abos schweiz,1,166,0.60%,18.57,,
yallo .ch,1,165,0.61%,4.5,,
043 588 23 23,1,161,0.62%,3.91,,
tv abos vergleich,1,161,0.62%,9.94,,
sunrise abo handy,1,160,0.62%,14.79,,
salt mobil abo,1,158,0.63%,7.94,,
yallo tarife,1,156,0.64%,19.69,,
gehört yallo zu sunrise,1,155,0.65%,1.75,,
wingo handy angebote,1,154,0.65%,9.06,,
salt empfang,1,153,0.65%,8.11,,
up mobile l länderliste,1,153,0.65%,9.03,,
salt surf unlimited,1,152,0.66%,10.81,,
swisscom wingo,1,151,0.66%,10.11,,
yallo bewertung,1,151,0.66%,13.07,,
salt handyvertrag,1,151,0.66%,14.58,,
yello ch,1,150,0.67%,5.43,,
yallo black start,1,149,0.67%,7.85,,
upc happy home 600 preis,1,149,0.67%,8.86,,
nur internet-abo zuhause,1,145,0.69%,11.17,,
internetabos,1,144,0.69%,13.74,,
yallo technischer support,1,140,0.71%,7.26,,
mobilfunknetz,1,140,0.71%,39.91,,
salt travel max,1,138,0.72%,19.12,,
internetabo vergleich,1,136,0.74%,6.85,,
yallo datenpaket ausland kaufen,1,133,0.75%,7.56,,
internet zuhause vergleich,1,133,0.75%,29.12,,
wingo international promo,1,131,0.76%,9.69,,
sunrise hotline tv,1,130,0.77%,21.45,,
up internet m,1,129,0.78%,7.22,,
mobile vergleich,1,127,0.79%,7.39,,
internet abonnement,1,127,0.79%,35.29,,
sunrise hotline gratis,1,126,0.79%,11.13,,
wingo internet erfahrungen,1,126,0.79%,23.03,,
swisscom vertrag,1,123,0.81%,25.55,,
swisscom aktionen handy,1,123,0.81%,27.65,,
ist yallo gut,1,122,0.82%,6.38,,
internet tv angebote,1,120,0.83%,25.33,,
wingo internet plus,1,119,0.84%,7.82,,
yello.ch,1,119,0.84%,8.86,,
black friday internet deals,1,119,0.84%,51.14,,
upc tv abo preise,1,117,0.85%,5.84,,
sunrise up mobile l preis,1,116,0.86%,5.88,,
wingo .ch,1,115,0.87%,6.02,,
swisscom abos handy,1,115,0.87%,19.69,,
5g netz karte,1,114,0.88%,27.59,,
abdeckungskarte,1,113,0.88%,1.59,,
internet und tv abo vergleich,1,113,0.88%,6.35,,
black friday internet,1,112,0.89%,61.46,,
wingo bewertungen,1,111,0.90%,9.73,,
günstiges natel abo,1,111,0.90%,10.54,,
wingo handy kaufen,1,111,0.90%,12.35,,
yallo salt,1,110,0.91%,4.08,,
wingo support nummer,1,110,0.91%,9.25,,
netzabdeckung salt vs swisscom,1,109,0.92%,7.74,,
abo yallo,1,109,0.92%,9.24,,
salt roaming,1,109,0.92%,31.09,,
salt telefon,1,109,0.92%,33.45,,
talktalk welches netz,1,108,0.93%,5.17,,
handy abo vergleich ch,1,108,0.93%,8.81,,
natel abos schweiz,1,108,0.93%,17.8,,
mobile l,1,106,0.94%,8.63,,
abdeckung sunrise,1,106,0.94%,9.42,,
salt handy abo mit gerät,1,104,0.96%,4.36,,
internet und mobile abo schweiz,1,104,0.96%,9.92,,
wingo kündigungsfrist,1,104,0.96%,13.58,,
sunris,1,104,0.96%,14.36,,
upc angebote internet und tv,1,103,0.97%,7.26,,
abos vergleichen,1,103,0.97%,11.51,,
yallo prepaid,1,101,0.99%,35.53,,
deinabo,1,99,1.01%,6.42,,
handy tarife schweiz,1,99,1.01%,21.45,,
salt abo handy,1,98,1.02%,7.1,,
yallo black roaming,1,98,1.02%,8.79,,
europe xl,1,97,1.03%,10.65,,
wingo weiterempfehlen,1,96,1.04%,10.14,,
yallo go s,1,95,1.05%,11.08,,
home internet,1,94,1.06%,21.04,,
schweiz handy abo vergleich,1,93,1.08%,5.37,,
handy mit abo kaufen,1,92,1.09%,25.15,,
salt netz abdeckung,1,90,1.11%,5.38,,
yallo abo pausieren,1,90,1.11%,6.9,,
wingo flat,1,89,1.12%,10.45,,
erfahrungen mit wingo,1,89,1.12%,15.58,,
handyvertrag vergleich schweiz,1,88,1.14%,11.92,,
internet zu hause vergleich,1,88,1.14%,30.93,,
wingo internet start,1,87,1.15%,7.72,,
salt aktion abo,1,87,1.15%,9.63,,
yallo welcher anbieter,1,86,1.16%,1,,
swisscom tv m,1,85,1.18%,15.99,,
post handy abo,1,85,1.18%,67.91,,
yallo abo handy,1,84,1.19%,9.11,,
yallo türkei,1,84,1.19%,9.18,,
wingo preise,1,84,1.19%,9.26,,
beste handy abos schweiz,1,84,1.19%,11.07,,
yallo empfang,1,83,1.20%,5.36,,
datenpaket yallo,1,83,1.20%,8.45,,
up tv l,1,83,1.20%,9.61,,
ist wingo gut,1,82,1.22%,4.65,,
yallo superfat xxl länder,1,82,1.22%,5.79,,
sunrise netz abdeckung,1,82,1.22%,7.37,,
internetanschluss vergleich,1,82,1.22%,26.51,,
handy abos sunrise,1,80,1.25%,15.21,,
swisscom wingo abo,1,79,1.27%,6.04,,
mobil budget,1,79,1.27%,9,,
netz salt,1,79,1.27%,9.61,,
internet billig schweiz,1,78,1.28%,15.21,,
wingo abo abschliessen,1,77,1.30%,7.31,,
top europe yallo,1,77,1.30%,7.32,,
sunrise abdeckung karte,1,77,1.30%,7.87,,
yallo shop standorte,1,77,1.30%,19.82,,
wingo 69,1,76,1.32%,7.3,,
yallo black roaming länder,1,76,1.32%,8.99,,
schweiz internet anbieter,1,76,1.32%,9.43,,
vergleich internetanbieter schweiz,1,76,1.32%,11.04,,
swisscom tv und internet,1,75,1.33%,24.08,,
super fat xxl yallo,1,74,1.35%,6.39,,
internet-abo vergleich schweiz,1,73,1.37%,7.49,,
yallo datenpaket kaufen,1,73,1.37%,7.95,,
wingo internet max,1,73,1.37%,9.32,,
mucho mobile,1,73,1.37%,36.63,,
internet home,1,72,1.39%,21.14,,
handy abo günstig schweiz,1,71,1.41%,10.61,,
swisscom handy-abo unlimitiert,1,71,1.41%,16.25,,
5g empfang testen,1,70,1.43%,27.26,,
internet vergleiche,1,70,1.43%,36.66,,
upc hotline,1,70,1.43%,59.46,,
sunrise vs swisscom netzabdeckung,1,69,1.45%,9.07,,
neues handy mit abo,1,69,1.45%,18.28,,
yello telefonanbieter,1,68,1.47%,1.76,,
mywimgo,1,68,1.47%,6.96,,
swisscome abos,1,68,1.47%,8.72,,
wingo festnetz,1,68,1.47%,16.82,,
handy abo angebote schweiz,1,67,1.49%,7.82,,
swiss flat,1,67,1.49%,16.49,,
happy home giga,1,66,1.52%,11.79,,
handynetz,1,65,1.54%,4.08,,
sunrise störung,1,65,1.54%,6.03,,
telefon abo vergleich schweiz,1,65,1.54%,8.94,,
yallo unlimitiert,1,64,1.56%,10.42,,
wingo europe pro promo,1,63,1.59%,9.56,,
handy abo vergleichen schweiz,1,62,1.61%,7.08,,
www.wingo,1,62,1.61%,7.56,,
sunrise telefon schweiz,1,61,1.64%,4.84,,
wie gut ist wingo,1,61,1.64%,5.84,,
lte netz schweiz,1,61,1.64%,7.07,,
vergleich tv internet anbieter,1,61,1.64%,9.07,,
swisscom angebote tv internet,1,61,1.64%,23.48,,
telefon vergleich,1,61,1.64%,42.25,,
schweiz mobile abo vergleich,1,60,1.67%,6.03,,
sunrise mobile up l,1,60,1.67%,9.73,,
mobil abo aktion,1,60,1.67%,11.95,,
wem gehört yallo schweiz,1,59,1.69%,1,,
sunrise telefonanbieter,1,59,1.69%,4.86,,
handy abos salt,1,59,1.69%,7.12,,
wingo abo vergleich,1,58,1.72%,6.64,,
handy abo talktalk,1,58,1.72%,8.21,,
habdy abo,1,57,1.75%,5.14,,
internet abo zuhause schweiz,1,57,1.75%,9.75,,
swiss max abo,1,57,1.75%,9.84,,
schweizer mobilfunkanbieter,1,57,1.75%,18.33,,
salt anbieter schweiz,1,56,1.79%,5.11,,
netzvergleich schweiz,1,55,1.82%,6.16,,
internet abo zu hause,1,55,1.82%,8.36,,
abo günstig,1,55,1.82%,10.02,,
m-budget abo tv internet,1,55,1.82%,17.27,,
mobile schweiz vergleich,1,54,1.85%,5.96,,
salt internet schweiz,1,53,1.89%,4.79,,
wingo swiss pro geschwindigkeit,1,53,1.89%,8.09,,
salt europa,1,53,1.89%,12.57,,
swiss max,1,53,1.89%,13.94,,
günstiges internet abo,1,52,1.92%,9.5,,
wie gut ist yallo,1,51,1.96%,7.2,,
billige handy abos,1,51,1.96%,9.12,,
inone mobile premium,1,51,1.96%,46.35,,
internet-abo-vergleich schweiz,1,49,2.04%,9.22,,
salt prepaid internet aktivieren,1,49,2.04%,11.67,,
sunrise hotline nummer,1,49,2.04%,14.08,,
salt rechnung,1,49,2.04%,57.37,,
sunrise home xl,1,48,2.08%,4.83,,
telefonnetz schweiz,1,48,2.08%,5.44,,
internet zürich vergleich,1,48,2.08%,8.42,,
yallo telefonnummer,1,47,2.13%,5.21,,
home internet angebote,1,47,2.13%,10.11,,
billigstes internet schweiz,1,47,2.13%,13.02,,
swisscom internet-abo preise,1,47,2.13%,19.91,,
upc internet abos,1,46,2.17%,5.41,,
wo kann man wingo abo abschliessen,1,46,2.17%,6.13,,
salt mobile abo angebote,1,46,2.17%,6.93,,
internet home angebote,1,46,2.17%,9.87,,
travel max salt,1,46,2.17%,20.83,,
yallo kombi angebote,1,45,2.22%,5.04,,
salt internet hotline,1,45,2.22%,10.07,,
yallo aktion,1,45,2.22%,17.42,,
von swisscom zu wingo wechseln,1,45,2.22%,18.13,,
handy angebote vergleich,1,45,2.22%,77.6,,
salt kombi angebote,1,43,2.33%,6.74,,
yallo usa,1,43,2.33%,8.91,,
sunrise bewertung,1,43,2.33%,50.56,,
upc kombi angebote,1,42,2.38%,7.5,,
upc tv box preis,1,42,2.38%,9.69,,
provider internet,1,42,2.38%,12.19,,
dsl internet,1,42,2.38%,67.83,,
wingo mobile internet,1,41,2.44%,3.07,,
entertainment upc tv 200,1,41,2.44%,3.63,,
salt prepaid tarife,1,41,2.44%,11.63,,
upc natel abo,1,40,2.50%,6.83,,
abovergleich handy schweiz,1,40,2.50%,7.38,,
wlan schweiz vergleich,1,40,2.50%,7.85,,
swisscom günstiges abo,1,40,2.50%,10.12,,
günstig internet schweiz,1,40,2.50%,10.53,,
handy geschäftskunden,1,40,2.50%,75.17,,
yallo xxl fat,1,39,2.56%,5.28,,
abo vergleich handy,1,39,2.56%,5.51,,
home internet schweiz,1,39,2.56%,15.31,,
salt europe xxl welche länder,1,39,2.56%,22.85,,
vergleichsportal internet,1,39,2.56%,50.69,,
up mobile m,1,38,2.63%,14.61,,
m-budget abo aktion,1,38,2.63%,25.32,,
wlan vergleich schweiz,1,37,2.70%,8.46,,
yallo black plus roaming,1,37,2.70%,9.11,,
netzverfügbarkeit prüfen,1,37,2.70%,36.22,,
4g abdeckung schweiz,1,36,2.78%,3.36,,
yallo kassensturz,1,36,2.78%,4.5,,
swisscom netz abo,1,36,2.78%,8.81,,
swisscom tochtergesellschaften,1,36,2.78%,18.14,,
m budget tv erfahrungen,1,36,2.78%,30.64,,
post mobile welches netz,1,35,2.86%,6.03,,
yallo black plus preis,1,35,2.86%,6.94,,
sunrise xl internet,1,35,2.86%,8.94,,
erfahrungen wingo,1,35,2.86%,12.34,,
internet zu hause schweiz,1,35,2.86%,13.89,,
yallo shop basel,1,35,2.86%,18.4,,
swisscom abo tv internet festnetz,1,35,2.86%,22.2,,
tarife swisscom,1,35,2.86%,24.97,,
0900 00 44 88,1,34,2.94%,3.88,,
salt mobilfunknetz,1,34,2.94%,9.24,,
yallo super fat xxl erfahrungen,1,34,2.94%,9.41,,
wem gehört wingo mobile,1,33,3.03%,6.48,,
coop mobile bewertung,1,33,3.03%,6.82,,
wingo datenvolumen,1,33,3.03%,8.33,,
m-budget europe plus kündigen,1,33,3.03%,9.73,,
günstige internetanbieter schweiz,1,33,3.03%,14.03,,
migros natel abo,1,33,3.03%,14.21,,
tv und internet angebote,1,33,3.03%,21.15,,
mobilfunkabdeckung,1,33,3.03%,22.58,,
mobilfunkempfang,1,32,3.12%,6,,
handy abo im swisscom netz,1,32,3.12%,8.12,,
internet at home,1,32,3.12%,10.53,,
kontakt yallo,1,32,3.12%,13.5,,
wingo test,1,32,3.12%,17.91,,